campo,n
Medicine,4156
Social Sciences,2056
Health Professions,1140
Agricultural and Biological Sciences,613
Environmental Science,607
Engineering,501
Psychology,498
"Biochemistry, Genetics and Molecular Biology",448
Arts and Humanities,385
Immunology and Microbiology,266
Materials Science,194
Computer Science,177
Neuroscience,148
Decision Sciences,133
Physics and Astronomy,113
Mathematics,85
Chemistry,84
"Business, Management and Accounting",66
Earth and Planetary Sciences,66
Dentistry,57
Nursing,49
Energy,47
"Economics, Econometrics and Finance",34
"Pharmacology, Toxicology and Pharmaceutics",28
Veterinary,16
Chemical Engineering,9
